filename,label,edge_count,edge_density
IMG_20180513_164959951_HDR resized_448.jpg,Cracks,72583,0.3616420200892857
IMG_20180513_165129852_HDR resized_448.jpg,Cracks,65771,0.327701490752551
IMG_20180513_165150613_HDR resized_448.jpg,Cracks,63185,0.3148168447066326
IMG_20180513_165345878_HDR resized_448.jpg,Cracks,71664,0.35706313775510207
IMG_20180513_165349788_HDR resized_448.jpg,Cracks,71727,0.35737703284438777
IMG_20180513_165353081_HDR resized_448.jpg,Cracks,67738,0.33750199298469385
IMG_20180513_165451567_HDR resized_448.jpg,Cracks,64186,0.31980428890306123
IMG_20180513_165455803_HDR resized_448.jpg,Cracks,64946,0.32359095982142855
IMG_20180513_165500303_HDR resized_448.jpg,Cracks,62364,0.310726243622449
IMG_20180513_165512488_HDR resized_448.jpg,Cracks,64577,0.32175243144132654
IMG_20180513_165515651_HDR resized_448.jpg,Cracks,64619,0.3219616948341837
IMG_20180513_165521775_HDR resized_448.jpg,Cracks,63616,0.3169642857142857
IMG_20180513_165533492_HDR resized_448.jpg,Cracks,65682,0.32725805165816324
IMG_20180513_165538350_HDR resized_448.jpg,Cracks,66253,0.33010303730867346
IMG_20180513_165547907_HDR resized_448.jpg,Cracks,47237,0.2353565449617347
IMG_20180513_165706718_HDR resized_448.jpg,Cracks,70495,0.3512386399872449
IMG_20180513_165710583_HDR resized_448.jpg,Cracks,68959,0.3435855787627551
IMG_20180513_165717627_HDR resized_448.jpg,Cracks,63184,0.31481186224489793
IMG_20180513_165733359_HDR resized_448.jpg,Cracks,62600,0.31190210459183676
IMG_20180513_165741688_HDR resized_448.jpg,Cracks,59873,0.29831493144132654
IMG_20180513_165749116_HDR resized_448.jpg,Cracks,62724,0.31251992984693877
IMG_20180513_170350654_HDR resized_448.jpg,Cracks,60473,0.30130440848214285
IMG_20180513_170357440_HDR resized_448.jpg,Cracks,49000,0.244140625
IMG_20180513_170406108_HDR resized_448.jpg,Cracks,44442,0.2214305644132653
IMG_20180513_170430826_HDR resized_448.jpg,Cracks,52556,0.26185825892857145
IMG_20180513_170453882_HDR resized_448.jpg,Cracks,53896,0.26853475765306123
IMG_20180513_170500983_HDR resized_448.jpg,Cracks,50076,0.24950175382653061
IMG_20180513_170515937_HDR resized_448.jpg,Cracks,56073,0.2793815768494898
IMG_20180513_170526931_HDR resized_448.jpg,Cracks,49585,0.24705536511479592
IMG_20180513_170535927_HDR resized_448.jpg,Cracks,50367,0.25095165019132654
IMG_20180513_170700279_HDR resized_448.jpg,Cracks,58952,0.29372608418367346
IMG_20180513_170710091_HDR resized_448.jpg,Cracks,68390,0.3407505580357143
IMG_20180513_170718753_HDR resized_448.jpg,Cracks,71985,0.35866250797193877
IMG_20180513_170728853_HDR resized_448.jpg,Cracks,68508,0.34133848852040816
IMG_20180513_170746398_HDR resized_448.jpg,Cracks,68540,0.3414979272959184
IMG_20180513_170844630_HDR resized_448.jpg,Cracks,71770,0.3575912786989796
IMG_20180514_164920326_HDR resized_448.jpg,Cracks,68095,0.3392807318239796
IMG_20180514_164936208_HDR resized_448.jpg,Cracks,68040,0.33900669642857145
IMG_20180514_164944000_HDR resized_448.jpg,Cracks,63968,0.31871811224489793
IMG_20180514_164949995_HDR resized_448.jpg,Cracks,62073,0.3092763472576531
IMG_20180514_164955695_HDR resized_448.jpg,Cracks,66183,0.3297542649872449
IMG_20180514_165008040_HDR resized_448.jpg,Cracks,66815,0.33290318080357145
IMG_20180514_165031728_HDR resized_448.jpg,Cracks,71283,0.3551648198341837
IMG_20180514_165039112_HDR resized_448.jpg,Cracks,68768,0.34263392857142855
IMG_20180514_165050302_HDR resized_448.jpg,Cracks,70591,0.35171695631377553
IMG_20180514_165115894_HDR resized_448.jpg,Cracks,63984,0.3187978316326531
IMG_20180514_165152754_HDR resized_448.jpg,Cracks,66538,0.33152303890306123
IMG_20180514_165211442_HDR resized_448.jpg,Cracks,72617,0.3618114237882653
IMG_20180514_165217078_HDR resized_448.jpg,Cracks,72057,0.35902124521683676
IMG_20180514_165228668_HDR resized_448.jpg,Cracks,65140,0.32455755739795916
IMG_20180514_165245540_HDR resized_448.jpg,Cracks,69707,0.34731246014030615
IMG_20180514_165251954_HDR resized_448.jpg,Cracks,67925,0.3384337133290816
IMG_20180514_165259100 resized_448.jpg,Cracks,54974,0.27390585140306123
IMG_20180514_165302026_HDR resized_448.jpg,Cracks,67624,0.33693399234693877
IMG_20180514_165307482_HDR resized_448.jpg,Cracks,69576,0.34665975765306123
IMG_20180514_165340357_HDR resized_448.jpg,Cracks,70169,0.3496143574617347
IMG_20180514_165358823_HDR resized_448.jpg,Cracks,71785,0.357666015625
IMG_20180514_165411841_HDR resized_448.jpg,Cracks,72386,0.360660475127551
IMG_20180514_165427375_HDR resized_448.jpg,Cracks,73149,0.36446209343112246
IMG_20180514_165444055_HDR resized_448.jpg,Cracks,74051,0.3689562739158163
IMG_20180514_165457873_HDR resized_448.jpg,Cracks,74716,0.37226961096938777
IMG_20180514_165505511_HDR resized_448.jpg,Cracks,74960,0.3734853316326531
IMG_20180514_165529728_HDR resized_448.jpg,Cracks,69982,0.3486826371173469
IMG_20180514_165535720_HDR resized_448.jpg,Cracks,70502,0.35127351721938777
IMG_20180514_165710828_HDR resized_448.jpg,Cracks,74175,0.3695740991709184
IMG_20180514_165717791_HDR resized_448.jpg,Cracks,73912,0.36826371173469385
IMG_20180514_165724162_HDR resized_448.jpg,Cracks,74651,0.3719457509566326
IMG_20180514_165731332_HDR resized_448.jpg,Cracks,60182,0.2998545121173469
IMG_20180514_165740460_HDR resized_448.jpg,Cracks,71864,0.35805963010204084
IMG_20180514_165746314_HDR resized_448.jpg,Cracks,71134,0.3544224330357143
IMG_20180514_165751038_HDR resized_448.jpg,Cracks,71299,0.35524453922193877
IMG_20180514_165757436_HDR resized_448.jpg,Cracks,70428,0.3509048150510204
IMG_20180514_165811955_HDR resized_448.jpg,Cracks,73296,0.36519451530612246
IMG_20180514_165823466_HDR resized_448.jpg,Cracks,70893,0.3532216597576531
IMG_20180514_165831579_HDR resized_448.jpg,Cracks,73669,0.36705297353316324
IMG_20180514_165837194_HDR resized_448.jpg,Cracks,74470,0.3710439253826531
IMG_20180514_165847101_HDR resized_448.jpg,Cracks,73248,0.36495535714285715
IMG_20180514_170008541_HDR resized_448.jpg,Cracks,64947,0.32359594228316324
IMG_20180514_170015428_HDR resized_448.jpg,Cracks,65827,0.32798050860969385
IMG_20180514_170026184_HDR resized_448.jpg,Cracks,67918,0.33839883609693877
IMG_20180514_170032562_HDR resized_448.jpg,Cracks,67339,0.335513990752551
IMG_20180514_170039467_HDR resized_448.jpg,Cracks,70489,0.35120874521683676
IMG_20180514_170051550_HDR resized_448.jpg,Cracks,63868,0.31821986607142855
IMG_20180514_170055705_HDR resized_448.jpg,Cracks,68669,0.34214066485969385
IMG_20180514_170100812_HDR resized_448.jpg,Cracks,68853,0.34305743781887754
IMG_20180514_170105907_HDR resized_448.jpg,Cracks,70952,0.353515625
IMG_20180514_170122537_HDR resized_448.jpg,Cracks,70072,0.3491310586734694
IMG_20180514_170137161_HDR resized_448.jpg,Cracks,72812,0.3627830038265306
IMG_20180514_170144972_HDR resized_448.jpg,Cracks,69474,0.34615154655612246
IMG_20180514_170158322_HDR resized_448.jpg,Cracks,71476,0.3561264349489796
IMG_20180514_170217038_HDR resized_448.jpg,Cracks,66971,0.3336804448341837
IMG_20180514_170355485_HDR resized_448.jpg,Cracks,72605,0.361751634247449
IMG_20180514_170400947 resized_448.jpg,Cracks,72212,0.3597935267857143
IMG_20180514_170411390_HDR resized_448.jpg,Cracks,69747,0.34751175860969385
IMG_20180514_170416728_HDR resized_448.jpg,Cracks,66300,0.3303372130102041
IMG_20180514_170423229_HDR resized_448.jpg,Cracks,66117,0.3294254225127551
IMG_20180514_170638485_HDR resized_448.jpg,Cracks,76317,0.3802465322066326
IMG_20180514_170646586_HDR resized_448.jpg,Cracks,74900,0.37318638392857145
IMG_20180514_170703597_HDR resized_448.jpg,Cracks,73621,0.36681381536989793
IMG_20180514_170708710_HDR (1) resized_448.jpg,Cracks,71782,0.3576510682397959
IMG_20180514_170708710_HDR resized_448.jpg,Cracks,71782,0.3576510682397959
IMG_8404 resized_448.jpg,Cracks,70008,0.348812181122449
IMG_8405 resized_448.jpg,Cracks,58428,0.29111527423469385
IMG_8406 resized_448.jpg,Cracks,59784,0.29787149234693877
IMG_8407 resized_448.jpg,Cracks,61574,0.30679009885204084
IMG_8412 resized_448.jpg,Cracks,73457,0.36599669164540816
IMG_8413 resized_448.jpg,Cracks,73889,0.3681491151147959
IMG_8414 resized_448.jpg,Cracks,74000,0.3687021683673469
IMG_8415 resized_448.jpg,Cracks,74283,0.3701122050382653
IMG_8416 resized_448.jpg,Cracks,73881,0.3681092554209184
IMG_8417 resized_448.jpg,Cracks,75211,0.37473592952806123
IMG_8418 resized_448.jpg,Cracks,75391,0.37563277264030615
IMG_8419 resized_448.jpg,Cracks,76200,0.37966358418367346
IMG_8423 resized_448.jpg,Cracks,48662,0.24245655293367346
IMG_8424 resized_448.jpg,Cracks,51526,0.25672632334183676
IMG_8426 resized_448.jpg,Cracks,71456,0.3560267857142857
IMG_8428 resized_448.jpg,Cracks,73947,0.36843809789540816
IMG_8429 resized_448.jpg,Cracks,71476,0.3561264349489796
IMG_8430 resized_448.jpg,Cracks,73052,0.36397879464285715
IMG_8431 resized_448.jpg,Cracks,72713,0.3622897401147959
IMG_8432 resized_448.jpg,Cracks,72122,0.35934510522959184
IMG_8433 resized_448.jpg,Cracks,75615,0.37674884406887754
IMG_8434 resized_448.jpg,Cracks,75472,0.3760363520408163
IMG_8435 resized_448.jpg,Cracks,75784,0.37759088010204084
IMG_8436 resized_448.jpg,Cracks,75672,0.3770328443877551
IMG_8437 resized_448.jpg,Cracks,75851,0.3779247050382653
IMG_8438 resized_448.jpg,Cracks,73568,0.36654974489795916
IMG_8439 resized_448.jpg,Cracks,75001,0.37368961256377553
IMG_8440 resized_448.jpg,Cracks,74466,0.3710239955357143
IMG_8441 resized_448.jpg,Cracks,74279,0.37009227519132654
IMG_8442 resized_448.jpg,Cracks,73199,0.36471121651785715
IMG_8443 resized_448.jpg,Cracks,74253,0.36996273118622447
IMG_8444 resized_448.jpg,Cracks,72518,0.3613181600765306
IMG_8445 resized_448.jpg,Cracks,73659,0.3670031489158163
IMG_8446 resized_448.jpg,Cracks,72725,0.36234952965561223
IMG_8447 resized_448.jpg,Cracks,71265,0.35507513552295916
IMG_8449 resized_448.jpg,Cracks,67810,0.33786073022959184
IMG_8453 resized_448.jpg,Cracks,70641,0.3519660794005102
IMG_8455 resized_448.jpg,Cracks,72769,0.36256875797193877
IMG_8456 resized_448.jpg,Cracks,68992,0.34375
IMG_8462 resized_448.jpg,Cracks,74391,0.37065031090561223
IMG_8463 resized_448.jpg,Cracks,76348,0.38040098852040816
IMG_8464 resized_448.jpg,Cracks,76528,0.3812978316326531
IMG_8465 resized_448.jpg,Cracks,76159,0.379459303252551
IMG_8466 resized_448.jpg,Cracks,76502,0.381168287627551
IMG_8467 resized_448.jpg,Cracks,76897,0.3831363600127551
IMG_8468 resized_448.jpg,Cracks,73358,0.36550342793367346
IMG_8469 resized_448.jpg,Cracks,72371,0.3605857382015306
IMG_8470 resized_448.jpg,Cracks,76211,0.3797183912627551
IMG_8471 resized_448.jpg,Cracks,76338,0.38035116390306123
IMG_8472 resized_448.jpg,Cracks,75993,0.37863221460459184
IMG_8473 resized_448.jpg,Cracks,74800,0.37268813775510207
IMG_8474 resized_448.jpg,Cracks,59120,0.29456313775510207
IMG_8475 resized_448.jpg,Cracks,68811,0.3428481744260204
IMG_8476 resized_448.jpg,Cracks,68493,0.34126375159438777
IMG_8477 resized_448.jpg,Cracks,69436,0.3459622130102041
IMG_8478 resized_448.jpg,Cracks,48607,0.2421825175382653
IMG_8479 resized_448.jpg,Cracks,62681,0.3123056839923469
IMG_8480 resized_448.jpg,Cracks,40824,0.20340401785714285
IMG_8481 resized_448.jpg,Cracks,61102,0.3044383769132653
IMG_8483 resized_448.jpg,Cracks,69247,0.3450205277423469
IMG_8484 resized_448.jpg,Cracks,71496,0.35622608418367346
IMG_8485 resized_448.jpg,Cracks,71557,0.3565300143494898
IMG_8486 resized_448.jpg,Cracks,70882,0.35316685267857145
IMG_8487 resized_448.jpg,Cracks,70490,0.35121372767857145
IMG_8488 resized_448.jpg,Cracks,57323,0.28560965401785715
IMG_8489 resized_448.jpg,Cracks,68289,0.3402473294005102
IMG_8490 resized_448.jpg,Cracks,69979,0.34866768973214285
IMG_8491 resized_448.jpg,Cracks,66113,0.3294054926658163
IMG_8493 resized_448.jpg,Cracks,68864,0.34311224489795916
IMG_8504 resized_448.jpg,Cracks,51955,0.2588637994260204
IMG_8505 resized_448.jpg,Cracks,62129,0.3095553651147959
IMG_8506 resized_448.jpg,Cracks,64114,0.31944555165816324
IMG_8507 resized_448.jpg,Cracks,63799,0.3178760762117347
IMG_8508 resized_448.jpg,Cracks,66647,0.33206612723214285
IMG_8509 resized_448.jpg,Cracks,72857,0.36300721460459184
IMG_8510 resized_448.jpg,Cracks,72436,0.3609095982142857
IMG_8511 resized_448.jpg,Cracks,71169,0.35459681919642855
IMG_8512 resized_448.jpg,Cracks,71913,0.35830377072704084
IMG_8513 resized_448.jpg,Cracks,72661,0.36203065210459184
IMG_8514 resized_448.jpg,Cracks,71847,0.357974928252551
IMG_8515 resized_448.jpg,Cracks,72500,0.36122847576530615
IMG_8516 resized_448.jpg,Cracks,72436,0.3609095982142857
IMG_8517 resized_448.jpg,Cracks,54748,0.2727798150510204
IMG_8518 resized_448.jpg,Cracks,61988,0.3088528380102041
IMG_8519 resized_448.jpg,Cracks,64192,0.3198341836734694
IMG_8520 resized_448.jpg,Cracks,60433,0.3011051100127551
IMG_8521 resized_448.jpg,Cracks,64192,0.3198341836734694
IMG_8522 resized_448.jpg,Cracks,64343,0.32058653539540816
IMG_8523 resized_448.jpg,Cracks,65600,0.3268494897959184
IMG_8524 resized_448.jpg,Cracks,66286,0.3302674585459184
IMG_8525 resized_448.jpg,Cracks,67552,0.33657525510204084
IMG_8526 resized_448.jpg,Cracks,66526,0.3314632493622449
IMG_8527 resized_448.jpg,Cracks,68190,0.33975406568877553
IMG_8528 resized_448.jpg,Cracks,66981,0.3337302694515306
IMG_8529 resized_448.jpg,Cracks,51020,0.2542051977040816
IMG_8530 resized_448.jpg,Cracks,61520,0.3065210459183674
IMG_8531 resized_448.jpg,Cracks,65721,0.3274523676658163
IMG_8532 resized_448.jpg,Cracks,66696,0.33231026785714285
IMG_8533 resized_448.jpg,Cracks,63041,0.31409937021683676
IMG_20180705_130729936 resized_448.jpg,NonCracks,40394,0.2012615593112245
IMG_20180705_130731751 resized_448.jpg,NonCracks,30009,0.14951869419642858
IMG_20180705_130732496 resized_448.jpg,NonCracks,37709,0.18788364955357142
IMG_20180705_130732993 resized_448.jpg,NonCracks,32732,0.1630859375
IMG_20180705_130733329 resized_448.jpg,NonCracks,26576,0.1324139030612245
IMG_20180705_130733660 resized_448.jpg,NonCracks,32999,0.16441625478316327
IMG_20180705_130733991 resized_448.jpg,NonCracks,23599,0.11758111447704081
IMG_20180705_130734324 resized_448.jpg,NonCracks,15957,0.07950514190051021
IMG_20180705_130734659 resized_448.jpg,NonCracks,32178,0.16032565369897958
IMG_20180705_130734991 resized_448.jpg,NonCracks,36081,0.1797722018494898
IMG_20180705_130735324 resized_448.jpg,NonCracks,36964,0.1841717155612245
IMG_20180705_130735657 resized_448.jpg,NonCracks,31678,0.15783442283163265
IMG_20180705_130735989 resized_448.jpg,NonCracks,34280,0.17079878826530612
IMG_20180705_130736323 resized_448.jpg,NonCracks,36237,0.18054946588010204
IMG_20180705_130736655 resized_448.jpg,NonCracks,41604,0.20729033801020408
IMG_20180705_130736987 resized_448.jpg,NonCracks,37554,0.18711136798469388
IMG_20180705_130737319 resized_448.jpg,NonCracks,43001,0.21425083705357142
IMG_20180705_130737652 resized_448.jpg,NonCracks,41488,0.20671237244897958
IMG_20180705_130737985 resized_448.jpg,NonCracks,40963,0.2040965800382653
IMG_20180705_130738321 resized_448.jpg,NonCracks,43367,0.21607441804846939
IMG_20180705_130738655 resized_448.jpg,NonCracks,38248,0.19056919642857142
IMG_20180705_130738987 resized_448.jpg,NonCracks,33887,0.16884068080357142
IMG_20180705_130739321 resized_448.jpg,NonCracks,30034,0.14964325573979592
IMG_20180705_130739654 resized_448.jpg,NonCracks,30873,0.15382354113520408
IMG_20180705_130739987 resized_448.jpg,NonCracks,31564,0.15726642219387754
IMG_20180705_130740323 resized_448.jpg,NonCracks,33201,0.16542271205357142
IMG_20180705_130740656 resized_448.jpg,NonCracks,35620,0.17747528698979592
IMG_20180705_130740989 resized_448.jpg,NonCracks,38869,0.1936633051658163
IMG_20180705_130741322 resized_448.jpg,NonCracks,34187,0.17033541932397958
IMG_20180705_130741655 resized_448.jpg,NonCracks,39538,0.19699657206632654
IMG_20180705_130741989 resized_448.jpg,NonCracks,28373,0.14136738679846939
IMG_20180705_130742323 resized_448.jpg,NonCracks,28172,0.14036591198979592
IMG_20180705_130742655 resized_448.jpg,NonCracks,30033,0.14963827327806123
IMG_20180705_130742988 resized_448.jpg,NonCracks,30404,0.15148676658163265
IMG_20180705_130743321 resized_448.jpg,NonCracks,34746,0.17312061543367346
IMG_20180705_130743653 resized_448.jpg,NonCracks,35956,0.17914939413265307
IMG_20180705_130743987 resized_448.jpg,NonCracks,40683,0.20270149075255103
IMG_20180705_130744320 resized_448.jpg,NonCracks,38581,0.1922283561862245
IMG_20180705_130744653 resized_448.jpg,NonCracks,43114,0.21481385522959184
IMG_20180705_130744988 resized_448.jpg,NonCracks,41850,0.20851602359693877
IMG_20180705_130745320 resized_448.jpg,NonCracks,41893,0.20873026945153061
IMG_20180705_130745654 resized_448.jpg,NonCracks,39272,0.19567123724489796
IMG_20180705_130745987 resized_448.jpg,NonCracks,45030,0.2243602519132653
IMG_20180705_130746319 resized_448.jpg,NonCracks,40151,0.20005082110969388
IMG_20180705_130746652 resized_448.jpg,NonCracks,42832,0.21340880102040816
IMG_20180705_130746985 resized_448.jpg,NonCracks,45160,0.2250079719387755
IMG_20180705_130747318 resized_448.jpg,NonCracks,37788,0.18827726403061223
IMG_20180705_130747652 resized_448.jpg,NonCracks,44789,0.22315947863520408
IMG_20180705_130747985 resized_448.jpg,NonCracks,42044,0.20948262117346939
IMG_20180705_130748317 resized_448.jpg,NonCracks,38982,0.19422632334183673
IMG_20180705_130748649 resized_448.jpg,NonCracks,44297,0.2207081074617347
IMG_8658 resized_448.jpg,NonCracks,72488,0.3611686862244898
IMG_8659 resized_448.jpg,NonCracks,72183,0.35964903539540816
IMG_8660 resized_448.jpg,NonCracks,70441,0.35096958705357145
IMG_8661 resized_448.jpg,NonCracks,69547,0.3465152662627551
IMG_8662 resized_448.jpg,NonCracks,72285,0.3601572464923469
IMG_8663 resized_448.jpg,NonCracks,70568,0.35160235969387754
IMG_8664 resized_448.jpg,NonCracks,70175,0.34964425223214285
IMG_8665 resized_448.jpg,NonCracks,70029,0.34891681281887754
IMG_8666 resized_448.jpg,NonCracks,69607,0.34681421396683676
IMG_8667 resized_448.jpg,NonCracks,65656,0.32712850765306123
IMG_8668 resized_448.jpg,NonCracks,69386,0.3457130899234694
IMG_8669 resized_448.jpg,NonCracks,69237,0.344970703125
IMG_8670 resized_448.jpg,NonCracks,70758,0.3525490274234694
IMG_8671 resized_448.jpg,NonCracks,71901,0.35824398118622447
IMG_8672 resized_448.jpg,NonCracks,67533,0.3364805883290816
IMG_8673 resized_448.jpg,NonCracks,62876,0.31327726403061223
IMG_8674 resized_448.jpg,NonCracks,67470,0.3361666932397959
IMG_8675 resized_448.jpg,NonCracks,67460,0.336116868622449
IMG_8676 resized_448.jpg,NonCracks,75852,0.3779296875
IMG_8677 resized_448.jpg,NonCracks,72522,0.3613380899234694
IMG_8678 resized_448.jpg,NonCracks,73471,0.36606644610969385
IMG_8679 resized_448.jpg,NonCracks,69906,0.3483039700255102
IMG_8680 resized_448.jpg,NonCracks,69160,0.34458705357142855
IMG_8681 resized_448.jpg,NonCracks,67478,0.33620655293367346
IMG_8682 resized_448.jpg,NonCracks,68320,0.3404017857142857
IMG_8683 resized_448.jpg,NonCracks,65863,0.32815987723214285
IMG_8684 resized_448.jpg,NonCracks,72192,0.3596938775510204
IMG_8685 resized_448.jpg,NonCracks,72002,0.35874720982142855
IMG_8686 resized_448.jpg,NonCracks,78031,0.38878647161989793
IMG_8687 resized_448.jpg,NonCracks,78409,0.39066984215561223
IMG_8688 resized_448.jpg,NonCracks,77311,0.3851990991709184
IMG_8689 resized_448.jpg,NonCracks,76155,0.37943937340561223
IMG_8690 resized_448.jpg,NonCracks,78079,0.38902562978316324
IMG_8691 resized_448.jpg,NonCracks,78339,0.3903210698341837
IMG_8692 resized_448.jpg,NonCracks,78299,0.3901217713647959
IMG_8693 resized_448.jpg,NonCracks,77443,0.38585678411989793
IMG_8694 resized_448.jpg,NonCracks,78001,0.38863699776785715
IMG_8695 resized_448.jpg,NonCracks,78101,0.38913524394132654
IMG_8696 resized_448.jpg,NonCracks,78606,0.3916513871173469
IMG_8697 resized_448.jpg,NonCracks,78511,0.391178053252551
IMG_8698 resized_448.jpg,NonCracks,76907,0.38318618463010207
IMG_8699 resized_448.jpg,NonCracks,76772,0.3825135522959184
IMG_8700 resized_448.jpg,NonCracks,77392,0.38560267857142855
IMG_8701 resized_448.jpg,NonCracks,76736,0.3823341836734694
IMG_8702 resized_448.jpg,NonCracks,77022,0.38375916772959184
IMG_8703 resized_448.jpg,NonCracks,77316,0.38522401147959184
IMG_8704 resized_448.jpg,NonCracks,78372,0.39048549107142855
IMG_8705 resized_448.jpg,NonCracks,78436,0.390804368622449
IMG_8706 resized_448.jpg,NonCracks,77697,0.3871223294005102
IMG_8707 resized_448.jpg,NonCracks,77858,0.3879245057397959
IMG_8708 resized_448.jpg,NonCracks,78111,0.38918506855867346
IMG_8709 resized_448.jpg,NonCracks,77585,0.38656429368622447
IMG_8710 resized_448.jpg,NonCracks,77846,0.3878647161989796
IMG_8711 resized_448.jpg,NonCracks,78137,0.38931461256377553
IMG_8712 resized_448.jpg,NonCracks,77401,0.38564752072704084
IMG_8713 resized_448.jpg,NonCracks,77590,0.38658920599489793
IMG_8714 resized_448.jpg,NonCracks,77749,0.3873814174107143
IMG_8715 resized_448.jpg,NonCracks,77789,0.38758071588010207
IMG_8716 resized_448.jpg,NonCracks,77349,0.38538843271683676
IMG_8717 resized_448.jpg,NonCracks,77166,0.38447664221938777
IMG_8718 resized_448.jpg,NonCracks,77231,0.38480050223214285
IMG_8719 resized_448.jpg,NonCracks,77725,0.3872618383290816
IMG_8720 resized_448.jpg,NonCracks,77141,0.3843520806760204
IMG_8721 resized_448.jpg,NonCracks,76933,0.3833157286352041
IMG_8722 resized_448.jpg,NonCracks,76629,0.38180106026785715
IMG_8723 resized_448.jpg,NonCracks,77268,0.38498485331632654
IMG_8724 resized_448.jpg,NonCracks,77485,0.3860660475127551
IMG_8725 resized_448.jpg,NonCracks,76870,0.3830018335459184
IMG_8726 resized_448.jpg,NonCracks,77359,0.3854382573341837
IMG_8727 resized_448.jpg,NonCracks,77556,0.3864198022959184
IMG_8728 resized_448.jpg,NonCracks,77044,0.3838687818877551
IMG_8729 resized_448.jpg,NonCracks,76722,0.3822644292091837
IMG_8730 resized_448.jpg,NonCracks,76680,0.38205516581632654
IMG_8731 resized_448.jpg,NonCracks,76787,0.38258828922193877
IMG_8747 resized_448.jpg,NonCracks,61378,0.30581353635204084
IMG_8748 resized_448.jpg,NonCracks,64746,0.3225944674744898
IMG_8749 resized_448.jpg,NonCracks,62489,0.3113490513392857
IMG_8750 resized_448.jpg,NonCracks,53905,0.26857959980867346
IMG_8751 resized_448.jpg,NonCracks,54479,0.27143953284438777
IMG_8752 resized_448.jpg,NonCracks,64069,0.31922134088010207
IMG_8753 resized_448.jpg,NonCracks,55447,0.27626255580357145
IMG_8754 resized_448.jpg,NonCracks,57253,0.28526088169642855
IMG_8755 resized_448.jpg,NonCracks,57439,0.2861876195790816
IMG_8756 resized_448.jpg,NonCracks,51400,0.2560985331632653
IMG_8757 resized_448.jpg,NonCracks,60127,0.29958047672193877
IMG_8758 resized_448.jpg,NonCracks,61371,0.30577865911989793
IMG_8759 resized_448.jpg,NonCracks,61766,0.30774673150510207
IMG_8760 resized_448.jpg,NonCracks,54265,0.27037328603316324
IMG_8761 resized_448.jpg,NonCracks,60315,0.30051717952806123
IMG_8762 resized_448.jpg,NonCracks,52176,0.25996492346938777
IMG_8763 resized_448.jpg,NonCracks,55285,0.275455397002551
IMG_8764 resized_448.jpg,NonCracks,44269,0.22056859853316327
IMG_8765 resized_448.jpg,NonCracks,39242,0.19552176339285715
IMG_8766 resized_448.jpg,NonCracks,40315,0.2008679448341837
IMG_8767 resized_448.jpg,NonCracks,49701,0.24763333067602042
IMG_8768 resized_448.jpg,NonCracks,68694,0.34226522640306123
IMG_8769 resized_448.jpg,NonCracks,64646,0.3220962213010204
IMG_8770 resized_448.jpg,NonCracks,63123,0.3145079320790816
IMG_8771 resized_448.jpg,NonCracks,54901,0.27354213169642855
IMG_8772 resized_448.jpg,NonCracks,64312,0.3204320790816326
IMG_8773 resized_448.jpg,NonCracks,59230,0.2951112085459184
IMG_8774 resized_448.jpg,NonCracks,64418,0.3209602200255102
IMG_8775 resized_448.jpg,NonCracks,57983,0.2888980787627551
IMG_8776 resized_448.jpg,NonCracks,56587,0.28194256218112246
IMG_8777 resized_448.jpg,NonCracks,57442,0.2862025669642857
IMG_8778 resized_448.jpg,NonCracks,49257,0.2454211176658163
IMG_8779 resized_448.jpg,NonCracks,49731,0.24778280452806123
IMG_8781 resized_448.jpg,NonCracks,54889,0.27348234215561223
IMG_8784 resized_448.jpg,NonCracks,73518,0.36630062181122447
IMG_8785 resized_448.jpg,NonCracks,59833,0.29811563297193877
IMG_8786 resized_448.jpg,NonCracks,52336,0.26076211734693877
IMG_8787 resized_448.jpg,NonCracks,58128,0.2896205357142857
IMG_8788 resized_448.jpg,NonCracks,52330,0.2607322225765306
IMG_8789 resized_448.jpg,NonCracks,57241,0.28520109215561223
IMG_8790 resized_448.jpg,NonCracks,53591,0.2670151068239796
IMG_8791 resized_448.jpg,NonCracks,45351,0.22595962213010204
IMG_8792 resized_448.jpg,NonCracks,41934,0.20893455038265307
IMG_8793 resized_448.jpg,NonCracks,50791,0.25306421396683676
IMG_8794 resized_448.jpg,NonCracks,40208,0.20033482142857142
IMG_8795 resized_448.jpg,NonCracks,41902,0.20877511160714285
IMG_8796 resized_448.jpg,NonCracks,48628,0.24228714923469388
IMG_8798 resized_448.jpg,NonCracks,56407,0.28104571906887754
IMG_8799 resized_448.jpg,NonCracks,61115,0.3045031489158163
IMG_8800 resized_448.jpg,NonCracks,60440,0.30113998724489793
IMG_8801 resized_448.jpg,NonCracks,31057,0.15474031409438777
IMG_8802 resized_448.jpg,NonCracks,56650,0.28225645727040816
IMG_8803 resized_448.jpg,NonCracks,61262,0.3052355707908163
IMG_8804 resized_448.jpg,NonCracks,47917,0.23874461894132654
IMG_8805 resized_448.jpg,NonCracks,51690,0.25754344706632654
IMG_8806 resized_448.jpg,NonCracks,54619,0.2721370774872449
IMG_8807 resized_448.jpg,NonCracks,46954,0.2339465082908163
IMG_8808 resized_448.jpg,NonCracks,58642,0.2921815210459184
IMG_8809 resized_448.jpg,NonCracks,60292,0.30040258290816324
IMG_8810 resized_448.jpg,NonCracks,61124,0.30454799107142855
IMG_8811 resized_448.jpg,NonCracks,56819,0.28309849330357145
IMG_8812 resized_448.jpg,NonCracks,52911,0.26362703284438777
IMG_8813 resized_448.jpg,NonCracks,61866,0.30824497767857145
IMG_8814 resized_448.jpg,NonCracks,50409,0.2511609135841837
IMG_8815 resized_448.jpg,NonCracks,63089,0.31433852838010207
IMG_8816 resized_448.jpg,NonCracks,62589,0.3118472975127551
IMG_8817 resized_448.jpg,NonCracks,63965,0.31870316485969385
IMG_8818 resized_448.jpg,NonCracks,49259,0.24543108258928573
IMG_8819 resized_448.jpg,NonCracks,45576,0.22708067602040816
IMG_8820 resized_448.jpg,NonCracks,58841,0.29317303093112246
IMG_8821 resized_448.jpg,NonCracks,56503,0.28152403539540816
IMG_8822 resized_448.jpg,NonCracks,51735,0.25776765784438777
IMG_8823 resized_448.jpg,NonCracks,54215,0.27012416294642855
IMG_8824 resized_448.jpg,NonCracks,56606,0.2820372289540816
IMG_8825 resized_448.jpg,NonCracks,57145,0.2847227758290816
